,Season,Year,Major,Course,Section,Start,End,Building,Room_Number
0,FALL,2024,ARCH,2150,1,2024-12-16 11:30:00,2024-12-16 14:30:00,ONLINE,NA
1,FALL,2024,ARCH,2160,1,2024-12-17 08:00:00,2024-12-17 11:00:00,CARNEGIE,113
2,FALL,2024,ARCH,2160,2,2024-12-17 08:00:00,2024-12-17 11:00:00,CARNEGIE,113
3,FALL,2024,ARCH,2330,1,2024-12-16 08:00:00,2024-12-16 11:00:00,ACADEMY,AUD
4,FALL,2024,ARCH,2330,3,2024-12-16 08:00:00,2024-12-16 11:00:00,ACADEMY,AUD
5,FALL,2024,ARCH,2350,1,2024-12-17 08:00:00,2024-12-17 11:00:00,SAGE,3510
6,FALL,2024,ARCH,2350,2,2024-12-17 08:00:00,2024-12-17 11:00:00,SAGE,3510
7,FALL,2024,ARCH,2350,3,2024-12-17 08:00:00,2024-12-17 11:00:00,SAGE,3510
8,FALL,2024,ARCH,2350,4,2024-12-17 08:00:00,2024-12-17 11:00:00,SAGE,3510
9,FALL,2024,ARCH,2510,1,2024-12-16 08:00:00,2024-12-16 11:00:00,LOW,4050
10,FALL,2024,ARCH,2510,3,2024-12-16 08:00:00,2024-12-16 11:00:00,LOW,4050
11,FALL,2024,ARCH,4050,1,2024-12-18 08:00:00,2024-12-18 11:00:00,SAGE,3510
12,FALL,2024,ARCH,4050,2,2024-12-18 08:00:00,2024-12-18 11:00:00,SAGE,3510
13,FALL,2024,ARCH,4050,3,2024-12-18 08:00:00,2024-12-18 11:00:00,SAGE,3510
14,FALL,2024,ARCH,4065,1,2024-12-17 18:30:00,2024-12-17 21:30:00,LOW,4034
15,FALL,2024,ARCH,4170,80,2024-12-16 18:30:00,2024-12-16 21:30:00,LOW,3112
16,FALL,2024,ARCH,4320,1,2024-12-16 08:00:00,2024-12-16 11:00:00,SAGE,4101
17,FALL,2024,ARCH,4320,2,2024-12-16 08:00:00,2024-12-16 11:00:00,SAGE,4101
18,FALL,2024,ARCH,4320,3,2024-12-16 08:00:00,2024-12-16 11:00:00,SAGE,4101
19,FALL,2024,ARCH,4320,4,2024-12-16 08:00:00,2024-12-16 11:00:00,SAGE,4101
20,FALL,2024,ARCH,4330,1,2024-12-17 08:00:00,2024-12-17 11:00:00,ACADEMY,AUD
21,FALL,2024,ARCH,4580,80,2024-12-18 11:30:00,2024-12-18 14:30:00,LOW,3112
22,FALL,2024,ARCH,4770,5,2024-12-18 18:30:00,2024-12-18 21:30:00,ONLINE,NA
23,FALL,2024,ARCH,4780,5,2024-12-18 18:30:00,2024-12-18 21:30:00,ONLINE,NA
24,FALL,2024,ARCH,4790,6,2024-12-18 18:30:00,2024-12-18 21:30:00,ONLINE,NA
25,FALL,2024,ARCH,4820,2,2024-12-18 08:00:00,2024-12-18 11:00:00,LOW,3051
26,FALL,2024,ARCH,4820,3,2024-12-18 08:00:00,2024-12-18 11:00:00,LOW,3051
27,FALL,2024,ARCH,4820,6,2024-12-18 08:00:00,2024-12-18 11:00:00,LOW,3051
28,FALL,2024,ARCH,4820,7,2024-12-18 08:00:00,2024-12-18 11:00:00,LOW,3051
29,FALL,2024,ARCH,4890,1,2024-12-13 18:30:00,2024-12-13 21:30:00,GREENE,120
30,FALL,2024,ARCH,4910,1,2024-12-16 18:30:00,2024-12-16 21:30:00,ONLINE,NA
31,FALL,2024,ARCH,4910,2,2024-12-16 18:30:00,2024-12-16 21:30:00,ONLINE,NA
32,FALL,2024,ARCH,4910,3,2024-12-16 18:30:00,2024-12-16 21:30:00,ONLINE,NA
33,FALL,2024,ARCH,4910,4,2024-12-16 18:30:00,2024-12-16 21:30:00,ONLINE,NA
34,FALL,2024,ARCH,4910,5,2024-12-16 18:30:00,2024-12-16 21:30:00,ONLINE,NA
35,FALL,2024,ARCH,4956,80,2024-12-16 11:30:00,2024-12-16 14:30:00,LOW,4034
36,FALL,2024,ARCH,4958,80,2024-12-16 15:00:00,2024-12-16 18:00:00,TROY,2015
37,FALL,2024,ARCH,4962,1,2024-12-19 18:30:00,2024-12-19 21:30:00,LOW,3112
38,FALL,2024,ARCH,4966,1,2024-12-16 11:30:00,2024-12-16 14:30:00,LOW,3116
39,FALL,2024,ARCH,5100,1,2024-12-16 11:30:00,2024-12-16 14:30:00,ONLINE,NA
40,FALL,2024,ARCH,5140,1,2024-12-16 08:00:00,2024-12-16 11:00:00,ACADEMY,AUD
41,FALL,2024,ARCH,5150,1,2024-12-17 08:00:00,2024-12-17 11:00:00,ACADEMY,AUD
42,FALL,2024,ARCH,6065,1,2024-12-17 18:30:00,2024-12-17 21:30:00,LOW,4034
43,FALL,2024,ARCH,6340,80,2024-12-18 11:30:00,2024-12-18 14:30:00,LOW,3112
44,FALL,2024,ARCH,6350,1,2024-12-19 15:00:00,2024-12-19 18:00:00,LOW,3116
45,FALL,2024,ARCH,6380,80,2024-12-16 18:30:00,2024-12-16 21:30:00,LOW,3112
46,FALL,2024,ARCH,6810,80,2024-12-16 11:30:00,2024-12-16 14:30:00,LOW,4034
47,FALL,2024,ARCH,6840,1,2024-12-13 18:30:00,2024-12-13 21:30:00,GREENE,120
48,FALL,2024,ARCH,6910,1,2024-12-19 11:30:00,2024-12-19 14:30:00,LOW,3112
49,FALL,2024,ARCH,6966,1,2024-12-16 11:30:00,2024-12-16 14:30:00,LOW,3116
50,FALL,2024,ARTS,2610,1,2024-12-17 11:30:00,2024-12-17 14:30:00,TROY,2018
51,FALL,2024,ARTS,4120,1,2024-12-17 18:30:00,2024-12-17 21:30:00,WEST,214
52,FALL,2024,ARTS,6120,1,2024-12-17 18:30:00,2024-12-17 21:30:00,WEST,214
53,FALL,2024,ARTS,6900,1,2024-12-16 11:30:00,2024-12-16 14:30:00,WEST,113
54,FALL,2024,ASTR,1540,1,2024-12-17 18:30:00,2024-12-17 21:30:00,LOW,4050
55,FALL,2024,ASTR,2050,1,2024-12-18 18:30:00,2024-12-18 21:30:00,DCC,337
56,FALL,2024,BCBP,4345,1,2024-12-16 18:30:00,2024-12-16 21:30:00,LOW,4034
57,FALL,2024,BCBP,6345,1,2024-12-16 18:30:00,2024-12-16 21:30:00,LOW,4034
58,FALL,2024,BIOL,2120,1,2024-12-17 11:30:00,2024-12-17 14:30:00,DCC,330
59,FALL,2024,BIOL,4345,1,2024-12-16 18:30:00,2024-12-16 21:30:00,LOW,4034
60,FALL,2024,BIOL,4720,1,2024-12-17 18:30:00,2024-12-17 21:30:00,JEC,4309
61,FALL,2024,BIOL,4720,2,2024-12-17 18:30:00,2024-12-17 21:30:00,JEC,4309
62,FALL,2024,BIOL,6345,1,2024-12-16 18:30:00,2024-12-16 21:30:00,LOW,4034
63,FALL,2024,BMED,2050,1,2024-12-16 11:30:00,2024-12-16 14:30:00,DCC,337
64,FALL,2024,BMED,2050,2,2024-12-16 11:30:00,2024-12-16 14:30:00,DCC,337
65,FALL,2024,BMED,2100,1,2024-12-17 11:30:00,2024-12-17 14:30:00,CARNEGIE,113
66,FALL,2024,BMED,2540,1,2024-12-18 15:00:00,2024-12-18 18:00:00,DCC,324
67,FALL,2024,BMED,4200,1,2024-12-17 11:30:00,2024-12-17 14:30:00,LOW,4050
68,FALL,2024,BMED,4250,1,2024-12-16 15:00:00,2024-12-16 18:00:00,TROY,2012
69,FALL,2024,BMED,4540,1,2024-12-17 11:30:00,2024-12-17 14:30:00,PITTS,5114
70,FALL,2024,BMED,6420,1,2024-12-16 15:00:00,2024-12-16 18:00:00,SAGE,4203
71,FALL,2024,BMED,6961,1,2024-12-13 18:30:00,2024-12-13 21:30:00,ONLINE,NA
72,FALL,2024,CHEM,6961,,2024-12-16 08:00:00,2024-12-16 11:00:00,DCC,308
73,FALL,2024,CHEM,6961,,2024-12-16 08:00:00,2024-12-16 11:00:00,DCC,318
74,FALL,2024,CHEM,6961,,2024-12-16 08:00:00,2024-12-16 11:00:00,DCC,324
75,FALL,2024,CHEM,6961,,2024-12-16 08:00:00,2024-12-16 11:00:00,DCC,330
76,FALL,2024,CHEM,6961,,2024-12-16 08:00:00,2024-12-16 11:00:00,DCC,337
77,FALL,2024,CHEM,6961,,2024-12-16 08:00:00,2024-12-16 11:00:00,WALKER,5113
78,FALL,2024,CHEM/ENGR/ISCI/PHYS,6961,,2024-12-16 08:00:00,2024-12-16 11:00:00,SAGE,3510
79,FALL,2024,CHEM,2250,1,2024-12-17 11:30:00,2024-12-17 14:30:00,DCC,318
80,FALL,2024,CHEM,4300,1,2024-12-17 15:00:00,2024-12-17 18:00:00,TROY,2015
81,FALL,2024,CHEM,6300,1,2024-12-17 15:00:00,2024-12-17 18:00:00,TROY,2015
82,FALL,2024,CHME,2010,1,2024-12-18 11:30:00,2024-12-18 14:30:00,CARNEGIE,113
83,FALL,2024,CHME,2050,1,2024-12-17 15:00:00,2024-12-17 18:00:00,LOW,3039
84,FALL,2024,CHME,4010,1,2024-12-18 15:00:00,2024-12-18 18:00:00,LOW,3130
85,FALL,2024,CHME,4020,1,2024-12-18 11:30:00,2024-12-18 14:30:00,PITTS,5114
86,FALL,2024,CHME,4030,1,2024-12-16 15:00:00,2024-12-16 18:00:00,TROY,2018
87,FALL,2024,CHME,4040,1,2024-12-17 18:30:00,2024-12-17 21:30:00,PITTS,4114
88,FALL,2024,CHME,4050,1,2024-12-18 18:30:00,2024-12-18 21:30:00,LOW,4050
89,FALL,2024,CHME,4050,2,2024-12-18 18:30:00,2024-12-18 21:30:00,LOW,4050
90,FALL,2024,CHME,4430,1,2024-12-16 11:30:00,2024-12-16 14:30:00,TROY,2015
91,FALL,2024,CHME,4500,1,2024-12-17 11:30:00,2024-12-17 14:30:00,PITTS,4114
92,FALL,2024,CHME,4600,1,2024-12-16 15:00:00,2024-12-16 18:00:00,LOW,3130
93,FALL,2024,CHME,6610,1,2024-12-18 15:00:00,2024-12-18 18:00:00,JEC,4309
94,FALL,2024,CIVL,1200,1,2024-12-19 18:30:00,2024-12-19 21:30:00,DCC,324
95,FALL,2024,CIVL,2050,1,2024-12-16 08:00:00,2024-12-16 11:00:00,WEST,220
96,FALL,2024,CIVL,2050,2,2024-12-16 08:00:00,2024-12-16 11:00:00,WEST,220
97,FALL,2024,CIVL,2050,3,2024-12-16 08:00:00,2024-12-16 11:00:00,WEST,220
98,FALL,2024,CIVL,4010,1,2024-12-16 15:00:00,2024-12-16 18:00:00,PITTS,4114
99,FALL,2024,CIVL,4070,1,2024-12-18 15:00:00,2024-12-18 18:00:00,ACADEMY,AUD
100,FALL,2024,CIVL,4140,1,2024-12-16 11:30:00,2024-12-16 14:30:00,JEC,3207
101,FALL,2024,CIVL,4940,1,2024-12-17 15:00:00,2024-12-17 18:00:00,JEC,4309
102,FALL,2024,CIVL,4960,1,2024-12-16 18:30:00,2024-12-16 21:30:00,PITTS,5114
103,FALL,2024,CIVL,6170,1,2024-12-13 15:00:00,2024-12-13 18:00:00,LOW,3130
104,FALL,2024,CIVL,6250,1,2024-12-19 11:30:00,2024-12-19 14:30:00,TROY,2015
105,FALL,2024,CIVL,6260,1,2024-12-17 15:00:00,2024-12-17 18:00:00,JEC,3210
106,FALL,2024,CIVL,6310,1,2024-12-18 11:30:00,2024-12-18 14:30:00,LOW,4040
107,FALL,2024,CIVL,6360,1,2024-12-19 18:30:00,2024-12-19 21:30:00,JEC,5119
108,FALL,2024,CIVL,6390,1,2024-12-16 15:00:00,2024-12-16 18:00:00,PITTS,4206
109,FALL,2024,CIVL,6450,1,2024-12-17 11:30:00,2024-12-17 14:30:00,JEC,5119
110,FALL,2024,CIVL,6510,1,2024-12-17 15:00:00,2024-12-17 18:00:00,JEC,3207
111,FALL,2024,CIVL,6550,1,2024-12-16 11:30:00,2024-12-16 14:30:00,JEC,3207
112,FALL,2024,CIVL,6550,,2024-12-13 11:30:00,2024-12-13 14:30:00,LOW,3112
113,FALL,2024,CIVL,6960,1,2024-12-16 18:30:00,2024-12-16 21:30:00,PITTS,5114
114,FALL,2024,CIVL,6962,1,2024-12-17 18:30:00,2024-12-17 21:30:00,LOW,3112
115,FALL,2024,COMM,4420,1,2024-12-17 18:30:00,2024-12-17 21:30:00,DCC,337
116,FALL,2024,COMM,6420,1,2024-12-17 18:30:00,2024-12-17 21:30:00,DCC,337
117,FALL,2024,CSCI,6420,,2024-12-13 11:30:00,2024-12-13 14:30:00,DCC,308
118,FALL,2024,CSCI,6420,,2024-12-13 11:30:00,2024-12-13 14:30:00,DCC,318
119,FALL,2024,CSCI,6420,,2024-12-13 11:30:00,2024-12-13 14:30:00,DCC,324
120,FALL,2024,CSCI,6420,,2024-12-13 11:30:00,2024-12-13 14:30:00,DCC,330
121,FALL,2024,CSCI,6420,,2024-12-13 11:30:00,2024-12-13 14:30:00,DCC,337
122,FALL,2024,CSCI,6420,,2024-12-18 15:00:00,2024-12-18 18:00:00,DCC,308
123,FALL,2024,CSCI,6420,,2024-12-16 18:30:00,2024-12-16 21:30:00,DCC,308
124,FALL,2024,CSCI,6420,,2024-12-16 18:30:00,2024-12-16 21:30:00,DCC,318
125,FALL,2024,CSCI,6420,,2024-12-16 15:00:00,2024-12-16 18:00:00,DCC,308
126,FALL,2024,CSCI,6420,,2024-12-16 15:00:00,2024-12-16 18:00:00,DCC,318
127,FALL,2024,CSCI,6420,,2024-12-13 18:30:00,2024-12-13 21:30:00,DCC,308
128,FALL,2024,CSCI,6420,,2024-12-13 18:30:00,2024-12-13 21:30:00,DCC,318
129,FALL,2024,CSCI,4220,1,2024-12-17 15:00:00,2024-12-17 18:00:00,DCC,318
130,FALL,2024,CSCI,4380,1,2024-12-13 08:00:00,2024-12-13 11:00:00,SAGE,3303
131,FALL,2024,CSCI,4380,,2024-12-19 08:00:00,2024-12-19 11:00:00,SAGE,3303
132,FALL,2024,CSCI,4480,1,2024-12-17 08:00:00,2024-12-17 11:00:00,WEST,220
133,FALL,2024,CSCI,4480,,2024-12-17 08:00:00,2024-12-17 11:00:00,LOW,4050
134,FALL,2024,CSCI,4961,1,2024-12-16 15:00:00,2024-12-16 18:00:00,SAGE,3510
135,FALL,2024,CSCI,4961,,2024-12-17 08:00:00,2024-12-17 11:00:00,LOW,4050
136,FALL,2024,CSCI,6800,1,2024-12-16 15:00:00,2024-12-16 18:00:00,SAGE,3101
137,FALL,2024,ECON,2010,3,2024-12-18 15:00:00,2024-12-18 18:00:00,LOW,4050
138,FALL,2024,ECON,2010,4,2024-12-16 15:00:00,2024-12-16 18:00:00,JEC,3210
139,FALL,2024,ECON,4360,1,2024-12-16 18:30:00,2024-12-16 21:30:00,ONLINE,NA
140,FALL,2024,ECON,4960,1,2024-12-18 11:30:00,2024-12-18 14:30:00,JEC,4309
141,FALL,2024,ECON,6360,1,2024-12-16 18:30:00,2024-12-16 21:30:00,ONLINE,NA
142,FALL,2024,ECON,6730,1,2024-12-18 15:00:00,2024-12-18 18:00:00,JEC,3207
143,FALL,2024,ECON,6770,1,2024-12-18 11:30:00,2024-12-18 14:30:00,JEC,3207
144,FALL,2024,ECSE,1010,1,2024-12-17 11:30:00,2024-12-17 14:30:00,SAGE,3303
145,FALL,2024,ECSE,1010,2,2024-12-17 11:30:00,2024-12-17 14:30:00,SAGE,3303
146,FALL,2024,ECSE,2010,1,2024-12-18 11:30:00,2024-12-18 14:30:00,ACADEMY,AUD
147,FALL,2024,ECSE,2010,2,2024-12-18 11:30:00,2024-12-18 14:30:00,ACADEMY,AUD
148,FALL,2024,ECSE,2050,1,2024-12-17 11:30:00,2024-12-17 14:30:00,ACADEMY,AUD
149,FALL,2024,ECSE,2050,2,2024-12-17 11:30:00,2024-12-17 14:30:00,ACADEMY,AUD
150,FALL,2024,ECSE,2100,1,2024-12-16 15:00:00,2024-12-16 18:00:00,LOW,4050
151,FALL,2024,ECSE,2110,1,2024-12-17 15:00:00,2024-12-17 18:00:00,TROY,2012
152,FALL,2024,ECSE,2210,1,2024-12-19 15:00:00,2024-12-19 18:00:00,LOW,4050
153,FALL,2024,ECSE,2410,1,2024-12-13 15:00:00,2024-12-13 18:00:00,LOW,4050
154,FALL,2024,ECSE,2610,1,2024-12-16 08:00:00,2024-12-16 11:00:00,PITTS,4114
155,FALL,2024,ECSE,2610,2,2024-12-16 08:00:00,2024-12-16 11:00:00,PITTS,4114
156,FALL,2024,ECSE,2610,1,2024-12-16 08:00:00,2024-12-16 11:00:00,PITTS,4206
157,FALL,2024,ECSE,2610,2,2024-12-16 08:00:00,2024-12-16 11:00:00,PITTS,4206
158,FALL,2024,ECSE,2610,1,2024-12-16 08:00:00,2024-12-16 11:00:00,PITTS,5114
159,FALL,2024,ECSE,2610,2,2024-12-16 08:00:00,2024-12-16 11:00:00,PITTS,5114
160,FALL,2024,ECSE,2610,1,2024-12-16 08:00:00,2024-12-16 11:00:00,PITTS,5216
161,FALL,2024,ECSE,2610,2,2024-12-16 08:00:00,2024-12-16 11:00:00,PITTS,5216
162,FALL,2024,ECSE,2660,1,2024-12-18 15:00:00,2024-12-18 18:00:00,DCC,330
163,FALL,2024,ECSE,4030,1,2024-12-16 15:00:00,2024-12-16 18:00:00,PITTS,5216
164,FALL,2024,ECSE,4080,1,2024-12-18 18:30:00,2024-12-18 21:30:00,PITTS,4114
165,FALL,2024,ECSE,4220,1,2024-12-17 18:30:00,2024-12-17 21:30:00,LOW,3051
166,FALL,2024,ECSE,4250,1,2024-12-16 11:30:00,2024-12-16 14:30:00,LOW,3130
167,FALL,2024,ECSE,4480,1,2024-12-17 08:00:00,2024-12-17 11:00:00,WEST,220
168,FALL,2024,ECSE,4670,1,2024-12-16 11:30:00,2024-12-16 14:30:00,LOW,3039
169,FALL,2024,ECSE,4790,1,2024-12-19 11:30:00,2024-12-19 14:30:00,LOW,4050
170,FALL,2024,ECSE,4810,1,2024-12-16 11:30:00,2024-12-16 14:30:00,LOW,3045
171,FALL,2024,ECSE,4900,1,2024-12-19 08:00:00,2024-12-19 11:00:00,JEC,3232
172,FALL,2024,ECSE,4900,2,2024-12-19 11:30:00,2024-12-19 14:30:00,JEC,3232
173,FALL,2024,ECSE,4900,3,2024-12-19 15:00:00,2024-12-19 18:00:00,JEC,3232
174,FALL,2024,ECSE,4900,4,2024-12-19 18:30:00,2024-12-19 21:30:00,JEC,3232
175,FALL,2024,ECSE,4961,1,2024-12-19 08:00:00,2024-12-19 11:00:00,ACADEMY,AUD
176,FALL,2024,ECSE,4962,1,2024-12-16 18:30:00,2024-12-16 21:30:00,JEC,4309
177,FALL,2024,ECSE,6230,1,2024-12-18 15:00:00,2024-12-18 18:00:00,LOW,3112
178,FALL,2024,ECSE,6470,1,2024-12-17 08:00:00,2024-12-17 11:00:00,WEST,220
179,FALL,2024,ECSE,6810,1,2024-12-16 11:30:00,2024-12-16 14:30:00,LOW,3045
180,FALL,2024,ECSE,6961,1,2024-12-19 08:00:00,2024-12-19 11:00:00,ACADEMY,AUD
181,FALL,2024,ECSE,6962,1,2024-12-16 18:30:00,2024-12-16 21:30:00,JEC,4309
182,FALL,2024,ENGR,6962,,2024-12-13 08:00:00,2024-12-13 11:00:00,DCC,308
183,FALL,2024,ENGR,6962,,2024-12-13 08:00:00,2024-12-13 11:00:00,DCC,318
184,FALL,2024,ENGR,6962,,2024-12-13 08:00:00,2024-12-13 11:00:00,DCC,324
185,FALL,2024,ENGR,6962,,2024-12-13 08:00:00,2024-12-13 11:00:00,DCC,330
186,FALL,2024,ENGR,6962,,2024-12-13 08:00:00,2024-12-13 11:00:00,DCC,337
187,FALL,2024,ENGR,6962,,2024-12-19 08:00:00,2024-12-19 11:00:00,DCC,308
188,FALL,2024,ENGR,6962,,2024-12-19 08:00:00,2024-12-19 11:00:00,DCC,318
189,FALL,2024,ENGR,6962,,2024-12-19 08:00:00,2024-12-19 11:00:00,DCC,324
190,FALL,2024,ENGR,2090,1,2024-12-18 11:30:00,2024-12-18 14:30:00,LOW,4050
191,FALL,2024,ENGR,2090,2,2024-12-18 15:00:00,2024-12-18 18:00:00,SAGE,3303
192,FALL,2024,ENGR,2090,3,2024-12-18 18:30:00,2024-12-18 21:30:00,DCC,330
193,FALL,2024,ENGR,2300,1,2024-12-19 08:00:00,2024-12-19 11:00:00,DCC,330
194,FALL,2024,ENGR,2300,2,2024-12-19 08:00:00,2024-12-19 11:00:00,DCC,330
195,FALL,2024,ENGR,2300,1,2024-12-19 08:00:00,2024-12-19 11:00:00,DCC,337
196,FALL,2024,ENGR,2300,2,2024-12-19 08:00:00,2024-12-19 11:00:00,DCC,337
197,FALL,2024,ENGR,2300,,2024-12-13 08:00:00,2024-12-13 11:00:00,WEST,220
198,FALL,2024,ENGR,2300,,2024-12-17 11:30:00,2024-12-17 14:30:00,DCC,308
199,FALL,2024,ENGR,2710,1,2024-12-18 11:30:00,2024-12-18 14:30:00,LOW,3045
200,FALL,2024,ENGR,4710,1,2024-12-13 11:30:00,2024-12-13 14:30:00,JEC,3232
201,FALL,2024,ENGR,4710,2,2024-12-13 11:30:00,2024-12-13 14:30:00,JEC,3232
202,FALL,2024,ENGR,4961,1,2024-12-19 08:00:00,2024-12-19 11:00:00,ACADEMY,AUD
203,FALL,2024,ENGR,6961,1,2024-12-19 08:00:00,2024-12-19 11:00:00,ACADEMY,AUD
204,FALL,2024,ENVE,4220,1,2024-12-19 18:30:00,2024-12-19 21:30:00,JEC,4309
205,FALL,2024,ENVE,4240,1,2024-12-16 11:30:00,2024-12-16 14:30:00,MATLS,136
206,FALL,2024,ENVE,4330,1,2024-12-16 15:00:00,2024-12-16 18:00:00,PITTS,5114
207,FALL,2024,ENVE,4350,1,2024-12-17 11:30:00,2024-12-17 14:30:00,JEC,4309
208,FALL,2024,ENVE,4370,1,2024-12-16 18:30:00,2024-12-16 21:30:00,DCC,337
209,FALL,2024,ENVE,4370,2,2024-12-16 18:30:00,2024-12-16 21:30:00,DCC,337
210,FALL,2024,ENVE,4370,3,2024-12-16 18:30:00,2024-12-16 21:30:00,DCC,337
211,FALL,2024,ENVE,4710,1,2024-12-18 08:00:00,2024-12-18 11:00:00,TROY,2012
212,FALL,2024,ENVE,6710,1,2024-12-18 08:00:00,2024-12-18 11:00:00,TROY,2012
213,FALL,2024,ERTH,1100,1,2024-12-13 18:30:00,2024-12-13 21:30:00,SAGE,3303
214,FALL,2024,ERTH,1100,2,2024-12-13 18:30:00,2024-12-13 21:30:00,SAGE,3303
215,FALL,2024,ERTH,2120,1,2024-12-17 18:30:00,2024-12-17 21:30:00,LOW,3039
216,FALL,2024,ERTH,2330,1,2024-12-16 18:30:00,2024-12-16 21:30:00,JEC,3207
217,FALL,2024,ERTH,4710,1,2024-12-18 08:00:00,2024-12-18 11:00:00,TROY,2012
218,FALL,2024,ERTH,6710,1,2024-12-18 08:00:00,2024-12-18 11:00:00,TROY,2012
219,FALL,2024,GSAS,1600,2,2024-12-13 15:00:00,2024-12-13 18:00:00,PITTS,4114
220,FALL,2024,GSAS,2520,1,2024-12-16 15:00:00,2024-12-16 18:00:00,LOW,3039
221,FALL,2024,ISCI,4961,1,2024-12-19 08:00:00,2024-12-19 11:00:00,ACADEMY,AUD
222,FALL,2024,ISCI,6961,1,2024-12-19 08:00:00,2024-12-19 11:00:00,ACADEMY,AUD
223,FALL,2024,ISYE,4210,1,2024-12-13 11:30:00,2024-12-13 14:30:00,JEC,3210
224,FALL,2024,ISYE,4270,1,2024-12-19 08:00:00,2024-12-19 11:00:00,JEC,3232
225,FALL,2024,ISYE,4270,2,2024-12-19 11:30:00,2024-12-19 14:30:00,JEC,3232
226,FALL,2024,ISYE,4270,3,2024-12-19 15:00:00,2024-12-19 18:00:00,JEC,3232
227,FALL,2024,ISYE,4270,4,2024-12-19 18:30:00,2024-12-19 21:30:00,JEC,3232
228,FALL,2024,ISYE,4600,1,2024-12-19 11:30:00,2024-12-19 14:30:00,TROY,2012
229,FALL,2024,ISYE,6600,1,2024-12-13 11:30:00,2024-12-13 14:30:00,JEC,3210
230,FALL,2024,ISYE,6610,1,2024-12-19 11:30:00,2024-12-19 14:30:00,TROY,2012
231,FALL,2024,ISYE,6780,1,2024-12-17 15:00:00,2024-12-17 18:00:00,LOW,3051
232,FALL,2024,ISYE,6900,1,2024-12-16 15:00:00,2024-12-16 18:00:00,LALLY,02
233,FALL,2024,MANE,2710,1,2024-12-13 15:00:00,2024-12-13 18:00:00,DCC,308
234,FALL,2024,MANE,2710,1,2024-12-13 15:00:00,2024-12-13 18:00:00,DCC,308
235,FALL,2024,MANE,2710,1,2024-12-13 15:00:00,2024-12-13 18:00:00,DCC,330
236,FALL,2024,MANE,2710,2,2024-12-13 15:00:00,2024-12-13 18:00:00,DCC,330
237,FALL,2024,MANE,2720,1,2024-12-19 11:30:00,2024-12-19 14:30:00,SAGE,3303
238,FALL,2024,MANE,2960,1,2024-12-13 08:00:00,2024-12-13 11:00:00,LOW,4040
239,FALL,2024,MANE,4030,1,2024-12-13 15:00:00,2024-12-13 18:00:00,DCC,318
240,FALL,2024,MANE,4030,2,2024-12-13 15:00:00,2024-12-13 18:00:00,DCC,318
241,FALL,2024,MANE,4060,1,2024-12-16 15:00:00,2024-12-16 18:00:00,ACADEMY,AUD
242,FALL,2024,MANE,4070,1,2024-12-17 11:30:00,2024-12-17 14:30:00,DCC,324
243,FALL,2024,MANE,4090,1,2024-12-18 11:30:00,2024-12-18 14:30:00,SAGE,3510
244,FALL,2024,MANE,4250,1,2024-12-17 15:00:00,2024-12-17 18:00:00,DCC,324
245,FALL,2024,MANE,4250,2,2024-12-17 15:00:00,2024-12-17 18:00:00,DCC,324
246,FALL,2024,MANE,4260,1,2024-12-19 08:00:00,2024-12-19 11:00:00,JEC,3232
247,FALL,2024,MANE,4260,2,2024-12-19 11:30:00,2024-12-19 14:30:00,JEC,3232
248,FALL,2024,MANE,4260,3,2024-12-19 15:00:00,2024-12-19 18:00:00,JEC,3232
249,FALL,2024,MANE,4260,4,2024-12-19 18:30:00,2024-12-19 21:30:00,JEC,3232
250,FALL,2024,MANE,4290,1,2024-12-17 15:00:00,2024-12-17 18:00:00,PITTS,5114
251,FALL,2024,MANE,4500,1,2024-12-18 08:00:00,2024-12-18 11:00:00,SAGE,3303
252,FALL,2024,MANE,4500,2,2024-12-18 08:00:00,2024-12-18 11:00:00,SAGE,3303
253,FALL,2024,MANE,4560,1,2024-12-17 08:00:00,2024-12-17 11:00:00,WEST,220
254,FALL,2024,MANE,4610,1,2024-12-13 11:30:00,2024-12-13 14:30:00,JEC,3232
255,FALL,2024,MANE,4610,2,2024-12-13 11:30:00,2024-12-13 14:30:00,JEC,3232
256,FALL,2024,MANE,4900,1,2024-12-13 15:00:00,2024-12-13 18:00:00,ACADEMY,AUD
257,FALL,2024,MANE,4900,,2024-12-13 08:00:00,2024-12-13 11:00:00,WALKER,5113
258,FALL,2024,MANE,4900,,2024-12-13 08:00:00,2024-12-13 11:00:00,WALKER,6113
259,FALL,2024,MANE,4964,1,2024-12-13 18:30:00,2024-12-13 21:30:00,LOW,3116
260,FALL,2024,MANE,4965,1,2024-12-18 18:30:00,2024-12-18 21:30:00,SAGE,3101
261,FALL,2024,MANE,6120,1,2024-12-17 08:00:00,2024-12-17 11:00:00,WEST,220
262,FALL,2024,MANE,6170,1,2024-12-13 15:00:00,2024-12-13 18:00:00,PITTS,5114
263,FALL,2024,MANE,6290,1,2024-12-17 15:00:00,2024-12-17 18:00:00,PITTS,5114
264,FALL,2024,MANE,6290,,2024-12-13 11:30:00,2024-12-13 14:30:00,LOW,3112
265,FALL,2024,MANE,6730,1,2024-12-16 11:30:00,2024-12-16 14:30:00,VCC,208
266,FALL,2024,MANE,6963,1,2024-12-13 18:30:00,2024-12-13 21:30:00,LOW,3116
267,FALL,2024,MANE,6965,1,2024-12-18 18:30:00,2024-12-18 21:30:00,SAGE,3101
268,FALL,2024,MANE,6966,1,2024-12-18 11:30:00,2024-12-18 14:30:00,LOW,3116
269,FALL,2024,MATH,1010,1,2024-12-17 18:30:00,2024-12-17 21:30:00,DCC,308
270,FALL,2024,MATH,1010,2,2024-12-17 18:30:00,2024-12-17 21:30:00,DCC,308
271,FALL,2024,MATH,1010,3,2024-12-17 18:30:00,2024-12-17 21:30:00,DCC,308
272,FALL,2024,MATH,1010,4,2024-12-17 18:30:00,2024-12-17 21:30:00,DCC,308
273,FALL,2024,MATH,1010,5,2024-12-17 18:30:00,2024-12-17 21:30:00,DCC,308
274,FALL,2024,MATH,1010,6,2024-12-17 18:30:00,2024-12-17 21:30:00,DCC,308
275,FALL,2024,MATH,1010,7,2024-12-17 18:30:00,2024-12-17 21:30:00,DCC,308
276,FALL,2024,MATH,1010,8,2024-12-17 18:30:00,2024-12-17 21:30:00,DCC,308
277,FALL,2024,MATH,1010,9,2024-12-18 18:30:00,2024-12-18 21:30:00,DCC,308
278,FALL,2024,MATH,1010,10,2024-12-18 18:30:00,2024-12-18 21:30:00,DCC,308
279,FALL,2024,MATH,1010,11,2024-12-18 18:30:00,2024-12-18 21:30:00,DCC,308
280,FALL,2024,MATH,1010,12,2024-12-18 18:30:00,2024-12-18 21:30:00,DCC,308
281,FALL,2024,MATH,1010,13,2024-12-18 18:30:00,2024-12-18 21:30:00,DCC,308
282,FALL,2024,MATH,1010,14,2024-12-18 18:30:00,2024-12-18 21:30:00,DCC,308
283,FALL,2024,MATH,1010,15,2024-12-18 18:30:00,2024-12-18 21:30:00,DCC,308
284,FALL,2024,MATH,1010,16,2024-12-18 18:30:00,2024-12-18 21:30:00,DCC,308
285,FALL,2024,MATH,1010,17,2024-12-19 15:00:00,2024-12-19 18:00:00,SAGE,3303
286,FALL,2024,MATH,1010,18,2024-12-19 15:00:00,2024-12-19 18:00:00,SAGE,3303
287,FALL,2024,MATH,1010,19,2024-12-19 15:00:00,2024-12-19 18:00:00,SAGE,3303
288,FALL,2024,MATH,1010,20,2024-12-19 15:00:00,2024-12-19 18:00:00,SAGE,3303
289,FALL,2024,MATH,1010,21,2024-12-19 15:00:00,2024-12-19 18:00:00,SAGE,3303
290,FALL,2024,MATH,1010,22,2024-12-19 15:00:00,2024-12-19 18:00:00,SAGE,3303
291,FALL,2024,MATH,1010,23,2024-12-19 15:00:00,2024-12-19 18:00:00,SAGE,3303
292,FALL,2024,MATH,1010,24,2024-12-19 15:00:00,2024-12-19 18:00:00,SAGE,3303
293,FALL,2024,MATH,1010,25,2024-12-13 15:00:00,2024-12-13 18:00:00,EATON,214
294,FALL,2024,MATH,1010,26,2024-12-13 15:00:00,2024-12-13 18:00:00,EATON,214
295,FALL,2024,MATH,1010,27,2024-12-13 15:00:00,2024-12-13 18:00:00,EATON,214
296,FALL,2024,MATH,1010,28,2024-12-13 15:00:00,2024-12-13 18:00:00,EATON,214
297,FALL,2024,MATH,1010,29,2024-12-13 18:30:00,2024-12-13 21:30:00,DCC,324
298,FALL,2024,MATH,1010,30,2024-12-13 18:30:00,2024-12-13 21:30:00,DCC,324
299,FALL,2024,MATH,1010,31,2024-12-13 18:30:00,2024-12-13 21:30:00,DCC,324
300,FALL,2024,MATH,1010,32,2024-12-13 18:30:00,2024-12-13 21:30:00,DCC,324
301,FALL,2024,MATH,1020,9,2024-12-16 11:30:00,2024-12-16 14:30:00,SAGE,3303
302,FALL,2024,MATH,1020,10,2024-12-16 11:30:00,2024-12-16 14:30:00,SAGE,3303
303,FALL,2024,MATH,1020,11,2024-12-16 11:30:00,2024-12-16 14:30:00,SAGE,3303
304,FALL,2024,MATH,1020,12,2024-12-16 11:30:00,2024-12-16 14:30:00,SAGE,3303
305,FALL,2024,MATH,2010,9,2024-12-19 11:30:00,2024-12-19 14:30:00,DCC,308
306,FALL,2024,MATH,2010,10,2024-12-19 11:30:00,2024-12-19 14:30:00,DCC,308
307,FALL,2024,MATH,2010,11,2024-12-19 11:30:00,2024-12-19 14:30:00,DCC,308
308,FALL,2024,MATH,2010,12,2024-12-19 11:30:00,2024-12-19 14:30:00,DCC,308
309,FALL,2024,MATH,2010,13,2024-12-19 11:30:00,2024-12-19 14:30:00,DCC,308
310,FALL,2024,MATH,2010,14,2024-12-19 11:30:00,2024-12-19 14:30:00,DCC,308
311,FALL,2024,MATH,2010,15,2024-12-19 11:30:00,2024-12-19 14:30:00,DCC,308
312,FALL,2024,MATH,2010,16,2024-12-19 11:30:00,2024-12-19 14:30:00,DCC,308
313,FALL,2024,MATH,2010,9,2024-12-19 11:30:00,2024-12-19 14:30:00,DCC,318
314,FALL,2024,MATH,2010,10,2024-12-19 11:30:00,2024-12-19 14:30:00,DCC,318
315,FALL,2024,MATH,2010,11,2024-12-19 11:30:00,2024-12-19 14:30:00,DCC,318
316,FALL,2024,MATH,2010,12,2024-12-19 11:30:00,2024-12-19 14:30:00,DCC,318
317,FALL,2024,MATH,2010,13,2024-12-19 11:30:00,2024-12-19 14:30:00,DCC,318
318,FALL,2024,MATH,2010,14,2024-12-19 11:30:00,2024-12-19 14:30:00,DCC,318
319,FALL,2024,MATH,2010,15,2024-12-19 11:30:00,2024-12-19 14:30:00,DCC,318
320,FALL,2024,MATH,2010,16,2024-12-19 11:30:00,2024-12-19 14:30:00,DCC,318
321,FALL,2024,MATH,2010,17,2024-12-16 08:00:00,2024-12-16 11:00:00,EATON,214
322,FALL,2024,MATH,2010,18,2024-12-16 08:00:00,2024-12-16 11:00:00,EATON,214
323,FALL,2024,MATH,2010,19,2024-12-16 08:00:00,2024-12-16 11:00:00,EATON,214
324,FALL,2024,MATH,2010,20,2024-12-16 08:00:00,2024-12-16 11:00:00,EATON,214
325,FALL,2024,MATH,2010,21,2024-12-17 15:00:00,2024-12-17 18:00:00,SAGE,3303
326,FALL,2024,MATH,2010,22,2024-12-17 15:00:00,2024-12-17 18:00:00,SAGE,3303
327,FALL,2024,MATH,2010,23,2024-12-17 15:00:00,2024-12-17 18:00:00,SAGE,3303
328,FALL,2024,MATH,2010,24,2024-12-17 15:00:00,2024-12-17 18:00:00,SAGE,3303
329,FALL,2024,MATH,2400,1,2024-12-16 08:00:00,2024-12-16 11:00:00,SAGE,3303
330,FALL,2024,MATH,2400,2,2024-12-16 08:00:00,2024-12-16 11:00:00,SAGE,3303
331,FALL,2024,MATH,2400,3,2024-12-16 08:00:00,2024-12-16 11:00:00,SAGE,3303
332,FALL,2024,MATH,2400,4,2024-12-16 08:00:00,2024-12-16 11:00:00,SAGE,3303
333,FALL,2024,MATH,2400,5,2024-12-16 08:00:00,2024-12-16 11:00:00,SAGE,3303
334,FALL,2024,MATH,2400,6,2024-12-16 08:00:00,2024-12-16 11:00:00,SAGE,3303
335,FALL,2024,MATH,2400,7,2024-12-16 08:00:00,2024-12-16 11:00:00,SAGE,3303
336,FALL,2024,MATH,2400,8,2024-12-16 08:00:00,2024-12-16 11:00:00,SAGE,3303
337,FALL,2024,MATH,2400,9,2024-12-16 18:30:00,2024-12-16 21:30:00,SAGE,3303
338,FALL,2024,MATH,2400,10,2024-12-16 18:30:00,2024-12-16 21:30:00,SAGE,3303
339,FALL,2024,MATH,2400,11,2024-12-16 18:30:00,2024-12-16 21:30:00,SAGE,3303
340,FALL,2024,MATH,2400,12,2024-12-16 18:30:00,2024-12-16 21:30:00,SAGE,3303
341,FALL,2024,MATH,2400,17,2024-12-13 15:00:00,2024-12-13 18:00:00,SAGE,3303
342,FALL,2024,MATH,2400,18,2024-12-13 15:00:00,2024-12-13 18:00:00,SAGE,3303
343,FALL,2024,MATH,2400,19,2024-12-13 15:00:00,2024-12-13 18:00:00,SAGE,3303
344,FALL,2024,MATH,2400,20,2024-12-13 15:00:00,2024-12-13 18:00:00,SAGE,3303
345,FALL,2024,MATH,4040,1,2024-12-18 15:00:00,2024-12-18 18:00:00,DCC,337
346,FALL,2024,MATH,4090,1,2024-12-16 15:00:00,2024-12-16 18:00:00,CARNEGIE,113
347,FALL,2024,MATH,4200,1,2024-12-16 11:30:00,2024-12-16 14:30:00,LOW,3051
348,FALL,2024,MATH,4400,1,2024-12-13 15:00:00,2024-12-13 18:00:00,SAGE,3303
349,FALL,2024,MATH,4600,1,2024-12-16 11:30:00,2024-12-16 14:30:00,LOW,4050
350,FALL,2024,MATH,4700,1,2024-12-18 11:30:00,2024-12-18 14:30:00,TROY,2012
351,FALL,2024,MATH,6500,1,2024-12-17 11:30:00,2024-12-17 14:30:00,EATON,216
352,FALL,2024,MATH,6790,1,2024-12-18 15:00:00,2024-12-18 18:00:00,TROY,2012
353,FALL,2024,MATH,6800,1,2024-12-16 15:00:00,2024-12-16 18:00:00,SAGE,3101
354,FALL,2024,MATP,4910,1,2024-12-13 11:30:00,2024-12-13 14:30:00,AE,217
355,FALL,2024,MATP,6600,1,2024-12-17 15:00:00,2024-12-17 18:00:00,LOW,3051
356,FALL,2024,MATP,6910,1,2024-12-13 11:30:00,2024-12-13 14:30:00,AE,217
357,FALL,2024,MGMT,1100,2,2024-12-18 11:30:00,2024-12-18 14:30:00,TROY,2018
358,FALL,2024,MGMT,1100,3,2024-12-17 15:00:00,2024-12-17 18:00:00,ACADEMY,AUD
359,FALL,2024,MGMT,1100,4,2024-12-17 15:00:00,2024-12-17 18:00:00,ACADEMY,AUD
360,FALL,2024,MGMT,1260,1,2024-12-16 15:00:00,2024-12-16 18:00:00,DCC,330
361,FALL,2024,MGMT,2100,1,2024-12-17 11:30:00,2024-12-17 14:30:00,DCC,337
362,FALL,2024,MGMT,2100,2,2024-12-18 15:00:00,2024-12-18 18:00:00,CARNEGIE,113
363,FALL,2024,MGMT,2300,1,2024-12-16 15:00:00,2024-12-16 18:00:00,EATON,214
364,FALL,2024,MGMT,2300,2,2024-12-16 15:00:00,2024-12-16 18:00:00,EATON,214
365,FALL,2024,MGMT,2320,1,2024-12-16 11:30:00,2024-12-16 14:30:00,SAGE,3510
366,FALL,2024,MGMT,2320,2,2024-12-19 11:30:00,2024-12-19 14:30:00,PITTS,4114
367,FALL,2024,MGMT,2430,1,2024-12-16 11:30:00,2024-12-16 14:30:00,ONLINE,NA
368,FALL,2024,MGMT,2430,2,2024-12-17 11:30:00,2024-12-17 14:30:00,ONLINE,NA
369,FALL,2024,MGMT,2510,1,2024-12-16 11:30:00,2024-12-16 14:30:00,CARNEGIE,113
370,FALL,2024,MGMT,2510,2,2024-12-18 15:00:00,2024-12-18 18:00:00,PITTS,5216
371,FALL,2024,MGMT,4140,1,2024-12-17 15:00:00,2024-12-17 18:00:00,ONLINE,NA
372,FALL,2024,MGMT,4170,1,2024-12-17 15:00:00,2024-12-17 18:00:00,DCC,330
373,FALL,2024,MGMT,4170,2,2024-12-17 15:00:00,2024-12-17 18:00:00,DCC,330
374,FALL,2024,MGMT,4190,1,2024-12-13 11:30:00,2024-12-13 14:30:00,LOW,4050
375,FALL,2024,MGMT,4190,2,2024-12-13 11:30:00,2024-12-13 14:30:00,LOW,4050
376,FALL,2024,MGMT,4240,1,2024-12-18 15:00:00,2024-12-18 18:00:00,ONLINE,NA
377,FALL,2024,MGMT,4310,1,2024-12-18 11:30:00,2024-12-18 14:30:00,PITTS,4114
378,FALL,2024,MGMT,4320,1,2024-12-16 11:30:00,2024-12-16 14:30:00,PITTS,4114
379,FALL,2024,MGMT,4340,1,2024-12-17 11:30:00,2024-12-17 14:30:00,LOW,3112
380,FALL,2024,MGMT,4540,1,2024-12-17 11:30:00,2024-12-17 14:30:00,LOW,3130
381,FALL,2024,MGMT,4600,1,2024-12-18 15:00:00,2024-12-18 18:00:00,TROY,2018
382,FALL,2024,MGMT,4600,2,2024-12-18 15:00:00,2024-12-18 18:00:00,TROY,2018
383,FALL,2024,MGMT,4850,1,2024-12-17 15:00:00,2024-12-17 18:00:00,DCC,337
384,FALL,2024,MGMT,4860,1,2024-12-17 11:30:00,2024-12-17 14:30:00,SAGE,3101
385,FALL,2024,MGMT,4860,2,2024-12-18 11:30:00,2024-12-18 14:30:00,PITTS,5114
386,FALL,2024,MGMT,4870,1,2024-12-16 15:00:00,2024-12-16 18:00:00,LOW,3051
387,FALL,2024,MGMT,4870,2,2024-12-17 15:00:00,2024-12-17 18:00:00,LOW,3116
388,FALL,2024,MGMT,6020,1,2024-12-13 11:30:00,2024-12-13 14:30:00,PITTS,4206
389,FALL,2024,MGMT,6040,1,2024-12-18 15:00:00,2024-12-18 18:00:00,LOW,3051
390,FALL,2024,MGMT,6060,1,2024-12-19 15:00:00,2024-12-19 18:00:00,TROY,2012
391,FALL,2024,MGMT,6140,1,2024-12-16 11:30:00,2024-12-16 14:30:00,SAGE,5510
392,FALL,2024,MGMT,6190,1,2024-12-19 18:30:00,2024-12-19 21:30:00,DCC,330
393,FALL,2024,MGMT,6240,1,2024-12-18 11:30:00,2024-12-18 14:30:00,PITTS,4114
394,FALL,2024,MGMT,6260,1,2024-12-17 11:30:00,2024-12-17 14:30:00,LOW,3130
395,FALL,2024,MGMT,6370,1,2024-12-18 18:30:00,2024-12-18 21:30:00,ONLINE,NA
396,FALL,2024,MGMT,6380,1,2024-12-17 11:30:00,2024-12-17 14:30:00,LOW,3112
397,FALL,2024,MGMT,6490,1,2024-12-17 15:00:00,2024-12-17 18:00:00,ONLINE,NA
398,FALL,2024,MGMT,6520,1,2024-12-19 18:30:00,2024-12-19 21:30:00,ONLINE,NA
399,FALL,2024,MGMT,6560,1,2024-12-13 11:30:00,2024-12-13 14:30:00,LOW,4050
400,FALL,2024,MGMT,6560,2,2024-12-13 11:30:00,2024-12-13 14:30:00,LOW,4050
401,FALL,2024,MGMT,6570,1,2024-12-17 15:00:00,2024-12-17 18:00:00,DCC,330
402,FALL,2024,MGMT,6570,2,2024-12-17 15:00:00,2024-12-17 18:00:00,DCC,330
403,FALL,2024,MGMT,6600,1,2024-12-18 15:00:00,2024-12-18 18:00:00,TROY,2018
404,FALL,2024,MGMT,6600,2,2024-12-18 15:00:00,2024-12-18 18:00:00,TROY,2018
405,FALL,2024,MGMT,6840,1,2024-12-19 18:30:00,2024-12-19 21:30:00,ACADEMY,AUD
406,FALL,2024,MGMT,6960,1,2024-12-13 15:00:00,2024-12-13 18:00:00,PITTS,5114
407,FALL,2024,MGMT,6961,1,2024-12-13 18:30:00,2024-12-13 21:30:00,ONLINE,NA
408,FALL,2024,MGMT,6962,1,2024-12-19 11:30:00,2024-12-19 14:30:00,PITTS,5114
409,FALL,2024,MGMT,7730,1,2024-12-19 11:30:00,2024-12-19 14:30:00,PITTS,5216
410,FALL,2024,MGMT,7740,1,2024-12-13 15:00:00,2024-12-13 18:00:00,TROY,2012
411,FALL,2024,MTLE,4050,1,2024-12-17 15:00:00,2024-12-17 18:00:00,PITTS,4114
412,FALL,2024,MTLE,4920,2,2024-12-19 11:30:00,2024-12-19 14:30:00,JEC,3232
413,FALL,2024,MTLE,4920,3,2024-12-19 15:00:00,2024-12-19 18:00:00,JEC,3232
414,FALL,2024,MTLE,4920,4,2024-12-19 18:30:00,2024-12-19 21:30:00,JEC,3232
415,FALL,2024,MTLE,6050,1,2024-12-17 15:00:00,2024-12-17 18:00:00,PITTS,4114
416,FALL,2024,PHYS,6050,,2024-12-17 08:00:00,2024-12-17 11:00:00,DCC,308
417,FALL,2024,PHYS,6050,,2024-12-17 08:00:00,2024-12-17 11:00:00,DCC,318
418,FALL,2024,PHYS,6050,,2024-12-17 08:00:00,2024-12-17 11:00:00,DCC,324
419,FALL,2024,PHYS,6050,,2024-12-17 08:00:00,2024-12-17 11:00:00,DCC,330
420,FALL,2024,PHYS,6050,,2024-12-17 08:00:00,2024-12-17 11:00:00,DCC,337
421,FALL,2024,PHYS,6050,,2024-12-17 08:00:00,2024-12-17 11:00:00,SAGE,3303
422,FALL,2024,PHYS,6050,,2024-12-18 08:00:00,2024-12-18 11:00:00,DCC,308
423,FALL,2024,PHYS,6050,,2024-12-18 08:00:00,2024-12-18 11:00:00,DCC,318
424,FALL,2024,PHYS,6050,,2024-12-18 08:00:00,2024-12-18 11:00:00,DCC,324
425,FALL,2024,PHYS,6050,,2024-12-18 08:00:00,2024-12-18 11:00:00,DCC,330
426,FALL,2024,PHYS,6050,,2024-12-18 08:00:00,2024-12-18 11:00:00,LOW,4050
427,FALL,2024,PHYS,1250,1,2024-12-18 11:30:00,2024-12-18 14:30:00,DCC,337
428,FALL,2024,PHYS,1250,2,2024-12-18 11:30:00,2024-12-18 14:30:00,DCC,337
429,FALL,2024,PHYS,1250,3,2024-12-18 11:30:00,2024-12-18 14:30:00,DCC,337
